Country Name,Country Code,Series Name,Series Code,1990,1991,1992,1993,1994,1995,1996,1997,1998,1999,2000,2001,2002,2003,2004,2005,2006,2007,2008,2009,2010,2011,2012,2013,2014,2015,2016,2017,2018
Argentina,ARG,Land area (sq. km),AG.LND.TOTL.K2,2736690,2736690,2736690,2736690,2736690,2736690,2736690,2736690,2736690,2736690,2736690,2736690,2736690,2736690,2736690,2736690,2736690,2736690,2736690,2736690,2736690,2736690,2736690,2736690,2736690,2736690,2736690,2736690,2736690
Argentina,ARG,"Population, total",SP.POP.TOTL,32618648,33079002,33529320,33970103,34402669,34828168,35246376,35657438,36063451,36467218,36870796,37275644,37681743,38087866,38491970,38892924,39289876,39684303,40080159,40482786,40788453,41261490,41733271,42202935,42669500,43131966,43590368,44044811,44494502
Argentina,ARG,GDP (current US$),NY.GDP.MKTP.CD,1.41E+11,1.90E+11,2.29E+11,2.37E+11,2.57E+11,2.58E+11,2.72E+11,2.93E+11,2.99E+11,2.84E+11,2.84E+11,2.69E+11,97724004252,1.28E+11,1.65E+11,1.99E+11,2.33E+11,2.88E+11,3.62E+11,3.33E+11,4.24E+11,5.30E+11,5.46E+11,5.52E+11,5.26E+11,5.95E+11,5.58E+11,6.44E+11,5.18E+11
Argentina,ARG,GDP per capita (current US$),NY.GDP.PCAP.CD,4333.483372,5735.359981,6823.538837,6969.119729,7483.140334,7408.708664,7721.354105,8213.125127,8289.507568,7774.736203,7708.099115,7208.373114,2593.404563,3349.8063,4277.721573,5109.852245,5919.012338,7245.446857,9020.873323,8225.137583,10385.96443,12848.8642,13082.66433,13080.25473,12334.79825,13789.06042,12790.24247,14613.04182,11633.49801
Argentina,ARG,Population density (people per sq. km of land area),EN.POP.DNST,11.91901458,12.08723019,12.25177861,12.41284289,12.57090463,12.72638406,12.87919932,13.0294034,13.17776255,13.325301,13.47277039,13.62070384,13.76909442,13.91749376,14.06515535,14.21166592,14.35671413,14.5008397,14.64548743,14.79260932,14.90430155,15.0771516,15.2495427,15.42116023,15.59164538,15.76063274,15.92813508,16.09419079,16.2585101
Australia,AUS,Land area (sq. km),AG.LND.TOTL.K2,7682300,7682300,7682300,7682300,7682300,7682300,7682300,7682300,7682300,7682300,7682300,7682300,7682300,7682300,7682300,7682300,7682300,7682300,7682300,7682300,7682300,7682300,7682300,7682300,7682300,7682300,7692020,7692020,7692020
Australia,AUS,"Population, total",SP.POP.TOTL,17065100,17284000,17495000,17667000,17855000,18072000,18311000,18517000,18711000,18926000,19153000,19413000,19651400,19895400,20127400,20394800,20697900,20827600,21249200,21691700,22031750,22340024,22733465,23128129,23475686,23815995,24190907,24601860,24982688
Australia,AUS,GDP (current US$),NY.GDP.MKTP.CD,3.11E+11,3.25E+11,3.25E+11,3.12E+11,3.22E+11,3.67E+11,4.00E+11,4.35E+11,3.99E+11,3.89E+11,4.15E+11,3.78E+11,3.95E+11,4.66E+11,6.12E+11,6.93E+11,7.46E+11,8.53E+11,1.05E+12,9.28E+11,1.15E+12,1.40E+12,1.55E+12,1.58E+12,1.47E+12,1.35E+12,1.21E+12,1.33E+12,1.43E+12
Australia,AUS,GDP per capita (current US$),NY.GDP.PCAP.CD,18211.50006,18821.79526,18570.12046,17634.53475,18046.13648,20319.63063,21861.32551,23468.59683,21318.96417,20533.03506,21679.24784,19490.86111,20082.48327,23447.031,30430.67644,33999.24286,36044.92281,40960.05449,49601.65671,42772.35917,52022.1256,62517.83375,68012.1479,68150.10704,62510.79117,56755.72171,49971.13146,54027.96682,57354.96405
Australia,AUS,Population density (people per sq. km of land area),EN.POP.DNST,2.22135298,2.249847051,2.277312784,2.299701912,2.32417375,2.352420499,2.383530974,2.41034586,2.435598714,2.463585124,2.493133567,2.526977598,2.558009971,2.589771292,2.619970582,2.654777866,2.694232196,2.711115161,2.765994559,2.823594496,2.867858584,2.90798641,2.95920037,3.010573526,3.055814795,3.100112596,3.144935531,3.198361419,3.24787091
Austria,AUT,Land area (sq. km),AG.LND.TOTL.K2,82580,82580,82580,82580,82580,82580,82580,82580,82580,82580,82580,82580,82580,82580,82580,82580,82580,82578,82578,82578,82571,82561,82554,82531,82523,82520,82520,82520,82520
Austria,AUT,"Population, total",SP.POP.TOTL,7677850,7754891,7840709,7905633,7936118,7948278,7959017,7968041,7976789,7992324,8011566,8042293,8081957,8121423,8171966,8227829,8268641,8295487,8321496,8343323,8363404,8391643,8429991,8479823,8546356,8642699,8736668,8797566,8840521
Austria,AUT,GDP (current US$),NY.GDP.MKTP.CD,1.66E+11,1.74E+11,1.95E+11,1.90E+11,2.04E+11,2.41E+11,2.37E+11,2.13E+11,2.18E+11,2.17E+11,1.97E+11,1.97E+11,2.13E+11,2.62E+11,3.01E+11,3.16E+11,3.36E+11,3.89E+11,4.30E+11,4.00E+11,3.92E+11,4.31E+11,4.09E+11,4.30E+11,4.42E+11,3.82E+11,3.96E+11,4.16E+11,4.55E+11
Austria,AUT,GDP per capita (current US$),NY.GDP.PCAP.CD,21680.98962,22410.91177,24880.16412,24081.52779,25646.70066,30325.84958,29809.07677,26705.4786,27361.87511,27174.29716,24564.45829,24537.51426,26401.74546,32222.89724,36821.52147,38403.13388,40635.28182,46855.77175,51708.76575,47963.1794,46858.04327,51374.95841,48567.69529,50716.70871,51717.49594,44178.04738,45276.83144,47309.36627,51453.14702
Austria,AUT,Population density (people per sq. km of land area),EN.POP.DNST,92.97469121,93.90761686,94.94682732,95.73302252,96.1021797,96.24943085,96.37947445,96.4887503,96.59468394,96.78280455,97.01581497,97.38790264,97.86821264,98.34612497,98.95817389,99.63464519,100.1288569,100.4563806,100.7713435,101.0356633,101.2874254,101.6417316,102.1148703,102.7471253,103.5633217,104.7345977,105.8733398,106.6113185,107.1318589
Belgium,BEL,Land area (sq. km),AG.LND.TOTL.K2,32820,32820,32820,32820,32820,32820,32820,32820,32820,32820,30280,30280,30280,30280,30280,30280,30280,30280,30280,30280,30280,30280,30280,30280,30280,30280,30280,30280,30280
Belgium,BEL,"Population, total",SP.POP.TOTL,9967379,10004486,10045158,10084475,10115603,10136811,10156637,10181245,10203008,10226419,10251250,10286570,10332785,10376133,10421137,10478617,10547958,10625700,10709973,10796493,10895586,11038264,11106932,11159407,11209057,11274196,11331422,11375158,11427054
Belgium,BEL,GDP (current US$),NY.GDP.MKTP.CD,2.05E+11,2.11E+11,2.35E+11,2.25E+11,2.45E+11,2.88E+11,2.79E+11,2.53E+11,2.59E+11,2.58E+11,2.36E+11,2.37E+11,2.57E+11,3.17E+11,3.69E+11,3.86E+11,4.08E+11,4.70E+11,5.15E+11,4.81E+11,4.81E+11,5.23E+11,4.96E+11,5.22E+11,5.35E+11,4.62E+11,4.76E+11,5.02E+11,5.43E+11
Belgium,BEL,GDP per capita (current US$),NY.GDP.PCAP.CD,20600.37528,21041.66065,23372.61917,22283.93602,24208.55479,28413.82644,27489.55518,24820.93805,25338.44329,25244.27505,23041.53473,22995.15752,24887.56133,30587.66841,35364.37533,36795.97688,38672.70594,44262.896,48106.89292,44583.54481,44141.87814,47348.52502,44673.11588,46744.66254,47700.54036,40991.80814,41984.10303,44089.31009,47554.74631
Belgium,BEL,Population density (people per sq. km of land area),EN.POP.DNST,303.6983242,304.8289458,306.0681901,307.2661487,308.2145948,308.8607861,309.464869,310.2146557,310.8777575,311.5910725,338.5485469,339.7149934,341.2412483,342.6728203,344.1590819,346.0573646,348.347358,350.9147952,353.6979194,356.555251,359.8278071,364.5397622,366.8075297,368.5405218,370.180218,372.3314399,374.2213342,375.6657199,377.3795905
Brazil,BRA,Land area (sq. km),AG.LND.TOTL.K2,8358140,8358140,8358140,8358140,8358140,8358140,8358140,8358140,8358140,8358140,8358140,8358140,8358140,8358140,8358140,8358140,8358140,8358140,8358140,8358140,8358140,8358140,8358140,8358140,8358140,8358140,8358140,8358140,8358140
Brazil,BRA,"Population, total",SP.POP.TOTL,149003225,151648007,154259382,156849086,159432717,162019889,164614682,167209046,169785253,172318674,174790339,177196051,179537523,181809244,184006479,186127108,188167353,190130445,192030362,193886505,195713637,197514541,199287292,201035904,202763744,204471759,206163056,207833825,209469320
Brazil,BRA,GDP (current US$),NY.GDP.MKTP.CD,4.62E+11,6.03E+11,4.01E+11,4.38E+11,5.58E+11,7.69E+11,8.50E+11,8.83E+11,8.64E+11,5.99E+11,6.55E+11,5.59E+11,5.08E+11,5.58E+11,6.69E+11,8.92E+11,1.11E+12,1.40E+12,1.70E+12,1.67E+12,2.21E+12,2.62E+12,2.47E+12,2.47E+12,2.46E+12,1.80E+12,1.80E+12,2.06E+12,1.92E+12
Brazil,BRA,GDP per capita (current US$),NY.GDP.PCAP.CD,3100.280427,3975.390194,2596.919842,2791.208982,3500.611468,4748.215734,5166.163933,5282.008638,5087.152131,3478.37275,3749.753271,3156.798771,2829.283145,3070.910524,3637.462429,4790.436959,5886.463682,7348.030716,8831.023117,8597.915485,11286.2429,13245.61203,12370.02445,12300.32482,12112.58767,8814.001418,8710.096774,9928.643063,9151.445253
Brazil,BRA,Population density (people per sq. km of land area),EN.POP.DNST,17.82731864,18.14375052,18.45618547,18.76602761,19.07514315,19.38468236,19.69513337,20.00553305,20.31376036,20.61686859,20.91258809,21.20041672,21.48055943,21.75235686,22.01524251,22.26896271,22.51306547,22.74793734,22.97525071,23.1973268,23.41593189,23.63139897,23.84349772,24.05270838,24.2594338,24.46378728,24.66614055,24.86603778,25.06171469
Canada,CAN,Land area (sq. km),AG.LND.TOTL.K2,8965590,8965590,8965590,8965590,8965590,8965590,8965590,8965590,8965590,8965590,8965590,8965590,8965590,8965590,8965590,8965590,8965590,8965590,8965590,8965590,8965590,8965590,8965590,8965590,8965590,8965590,8965590,8965590,8965590
Canada,CAN,"Population, total",SP.POP.TOTL,27691138,28037420,28371264,28684764,29000663,29302311,29610218,29905948,30155173,30401286,30685730,31020902,31360079,31644028,31940655,32243753,32571174,32889025,33247118,33628895,34004889,34339328,34714222,35082954,35437435,35702908,36109487,36545295,37065178
Canada,CAN,GDP (current US$),NY.GDP.MKTP.CD,5.94E+11,6.10E+11,5.92E+11,5.77E+11,5.78E+11,6.04E+11,6.29E+11,6.55E+11,6.34E+11,6.78E+11,7.45E+11,7.39E+11,7.61E+11,8.96E+11,1.03E+12,1.17E+12,1.32E+12,1.47E+12,1.55E+12,1.37E+12,1.62E+12,1.79E+12,1.83E+12,1.85E+12,1.81E+12,1.56E+12,1.53E+12,1.65E+12,1.72E+12
Canada,CAN,GDP per capita (current US$),NY.GDP.PCAP.CD,21448.36196,21768.34329,20879.84833,20121.16125,19935.38146,20613.78788,21227.34753,21901.56285,21024.58507,22315.24667,24271.00206,23822.06012,24255.33858,28300.4631,32143.68141,36382.50792,40504.06073,44659.89514,46710.50558,40876.31015,47562.08343,52223.69611,52669.08996,52635.17496,50955.99832,43596.13554,42315.60371,45129.35644,46454.74339
Canada,CAN,Population density (people per sq. km of land area),EN.POP.DNST,3.088601866,3.127225314,3.164461458,3.199428482,3.234663084,3.268308165,3.302651359,3.335636361,3.363434308,3.390885151,3.42261134,3.459995605,3.497826579,3.529497557,3.562582608,3.596389418,3.632909156,3.66836148,3.708302298,3.750884772,3.792822224,3.830124732,3.871939493,3.913066959,3.952604904,3.982215114,4.027563942,4.076172901,4.13415938
Chile,CHL,Land area (sq. km),AG.LND.TOTL.K2,743532,743532,743532,743532,743532,743532,743532,743532,743532,743532,743532,743532,743532,743532,743532,743532,743532,743532,743532,743532,743532,743532,743532,743532,743532,743532,743532,743532,743532
Chile,CHL,"Population, total",SP.POP.TOTL,13274617,13495255,13719818,13944934,14166346,14380864,14587367,14786227,14977736,15162801,15342350,15516112,15684413,15849649,16014972,16182713,16354507,16530201,16708255,16886184,17062531,17233584,17400359,17571511,17758969,17969356,18209072,18470435,18729166
Chile,CHL,GDP (current US$),NY.GDP.MKTP.CD,33113887818,37834793730,45964327559,49297773130,57008425296,73447063319,78039572222,84952360922,81577430181,75173794497,77860932152,70979923960,69736811435,75643459840,99210392858,1.23E+11,1.55E+11,1.74E+11,1.80E+11,1.72E+11,2.19E+11,2.52E+11,2.67E+11,2.78E+11,2.61E+11,2.44E+11,2.50E+11,2.77E+11,2.98E+11
Chile,CHL,GDP per capita (current US$),NY.GDP.PCAP.CD,2494.526796,2803.562714,3350.214089,3535.17436,4024.215228,5107.277513,5349.805227,5745.371076,5446.579522,4957.777557,5074.902616,4574.594716,4446.249371,4772.563723,6194.85272,7598.528877,9464.548507,10502.35071,10751.4816,10208.90797,12808.03834,14637.23344,15351.54074,15842.93648,14670.98891,13574.16924,13753.59215,14998.81706,15888.14436
Chile,CHL,Population density (people per sq. km of land area),EN.POP.DNST,17.85345755,18.15020066,18.45222263,18.75498835,19.05277244,19.34128457,19.61901707,19.88647025,20.14403684,20.39293669,20.63441789,20.86811597,21.09446937,21.31670056,21.53904876,21.764649,21.99570025,22.23199674,22.47146727,22.71076968,22.94794441,23.17799906,23.4023001,23.63248791,23.88460618,24.16756239,24.48996412,24.84147959,25.18945519
Switzerland,CHE,Land area (sq. km),AG.LND.TOTL.K2,39529,39529,39529,39529,39529,39529,39528,39527,39526,39525,39524,39523,39522,39521,39520,39518,39517,39516,39516,39516,39516,39516,39516,39516,39516,39516.03,39516.03,39516.03,39516.03
Switzerland,CHE,"Population, total",SP.POP.TOTL,6715519,6799978,6875364,6938265,6993795,7040687,7071850,7088906,7110001,7143991,7184250,7229854,7284753,7339001,7389625,7437115,7483934,7551117,7647675,7743831,7824909,7912398,7996861,8089346,8188649,8282396,8373338,8451840,8514329
Switzerland,CHE,GDP (current US$),NY.GDP.MKTP.CD,2.66E+11,2.69E+11,2.80E+11,2.72E+11,3.02E+11,3.53E+11,3.40E+11,2.95E+11,3.04E+11,2.99E+11,2.80E+11,2.87E+11,3.10E+11,3.63E+11,4.06E+11,4.21E+11,4.44E+11,4.94E+11,5.70E+11,5.58E+11,6.03E+11,7.22E+11,6.92E+11,7.13E+11,7.34E+11,7.02E+11,6.96E+11,7.04E+11,7.36E+11
Switzerland,CHE,GDP per capita (current US$),NY.GDP.PCAP.CD,39607.81909,39577.74875,40747.92546,39270.11413,43128.01411,50155.97413,48144.57913,41631.43886,42740.12818,41786.23414,38952.0342,39727.84667,42578.76314,49470.39713,54878.471,56546.78566,59300.61722,65359.51922,74572.23237,72083.1677,77117.12601,91254.03476,86547.67089,88109.48675,89684.70758,84776.14217,83073.28008,83352.08865,86429.50082
Switzerland,CHE,Population density (people per sq. km of land area),EN.POP.DNST,169.888411,172.0250449,173.9321511,175.5234132,176.9282046,178.1144729,178.9073568,179.3433855,179.8816222,180.7461354,181.7693047,182.9277636,184.3214665,185.6987677,186.9844383,188.1956324,189.385176,191.0901154,193.5336319,195.9669754,198.0187519,200.2327665,202.3702045,204.7106489,207.2236309,209.5958526,211.8972478,213.883834,215.4651922
China,CHN,Land area (sq. km),AG.LND.TOTL.K2,9424670,9424670,9424670,9424670,9424670,9424720,9424710,9424710,9424710,9424710,9424700,9424700.2,9424700.2,9424699.7,9424700.5,9424699.8,9424700,9424700,9424700,9424700.5,9424700.7,9424700.9,9424700.9,9424701.3,9424701.3,9424701.4,9424700.5,9424700.8,9424702.9
China,CHN,"Population, total",SP.POP.TOTL,1135185000,1150780000,1164970000,1178440000,1191835000,1204855000,1217550000,1230075000,1241935000,1252735000,1262645000,1271850000,1280400000,1288400000,1296075000,1303720000,1311020000,1317885000,1324655000,1331260000,1337705000,1344130000,1350695000,1357380000,1364270000,1371220000,1378665000,1386395000,1392730000
China,CHN,GDP (current US$),NY.GDP.MKTP.CD,3.61E+11,3.83E+11,4.27E+11,4.45E+11,5.64E+11,7.35E+11,8.64E+11,9.62E+11,1.03E+12,1.09E+12,1.21E+12,1.34E+12,1.47E+12,1.66E+12,1.96E+12,2.29E+12,2.75E+12,3.55E+12,4.59E+12,5.10E+12,6.09E+12,7.55E+12,8.53E+12,9.57E+12,1.05E+13,1.11E+13,1.12E+13,1.23E+13,1.39E+13
China,CHN,GDP per capita (current US$),NY.GDP.PCAP.CD,317.884673,333.1421454,366.4606923,377.3898395,473.4922787,609.6566792,709.4137551,781.7441643,828.5804793,873.2870617,959.3724836,1053.108243,1148.50829,1288.643252,1508.668098,1753.417829,2099.229435,2693.970063,3468.304602,3832.236432,4550.453108,5618.132267,6316.918318,7050.646271,7678.599486,8066.942635,8147.937705,8879.438667,9976.677137
China,CHN,Population density (people per sq. km of land area),EN.POP.DNST,120.4482491,122.102949,123.608572,125.0377997,126.4590697,127.8398722,129.1869989,130.5159522,131.7743464,132.9202702,133.9719036,134.9485897,135.8557803,136.7046209,137.5189588,138.3301355,139.104693,139.8330981,140.5514234,141.252234,141.9360723,142.6177885,143.3143624,144.0236626,144.7547202,145.4921426,146.282102,147.1022825,147.7744195
Colombia,COL,Land area (sq. km),AG.LND.TOTL.K2,1109500,1109500,1109500,1109500,1109500,1109500,1109500,1109500,1109500,1109500,1109500,1109500,1109500,1109500,1109500,1109500,1109500,1109500,1109500,1109500,1109500,1109500,1109500,1109500,1109500,1109500,1109500,1109500,1109500
Colombia,COL,"Population, total",SP.POP.TOTL,33102569,33758328,34422568,35091272,35758978,36421438,37076387,37723803,38364307,38999468,39629965,40255956,40875363,41483872,42075953,42647731,43200901,43737512,44254972,44750054,45222699,45662747,46075721,46495492,46967706,47520667,48175048,48909844,49661056
Colombia,COL,GDP (current US$),NY.GDP.MKTP.CD,47844090710,49175565911,58418985443,66446804803,81703500846,92507279383,97160109278,1.07E+11,98443739941,86186158685,99886577331,98211749596,97963003805,94641378693,1.17E+11,1.46E+11,1.62E+11,2.06E+11,2.42E+11,2.32E+11,2.87E+11,3.35E+11,3.71E+11,3.82E+11,3.81E+11,2.93E+11,2.83E+11,3.12E+11,3.34E+11
Colombia,COL,GDP per capita (current US$),NY.GDP.PCAP.CD,1445.32863,1456.694357,1697.112936,1893.542212,2284.838813,2539.912877,2620.538762,2827.379527,2566.024194,2209.93165,2520.481089,2439.682456,2396.627127,2281.401762,2782.623185,3414.465158,3741.092837,4714.073055,5472.53653,5193.241458,6336.709474,7335.166934,8050.255372,8218.347844,8114.343921,6175.87603,5870.777957,6376.706716,6729.583332
Colombia,COL,Population density (people per sq. km of land area),EN.POP.DNST,29.83557368,30.42661379,31.02529788,31.62800541,32.22981343,32.8268932,33.41720324,34.00072375,34.57801442,35.15048941,35.7187607,36.28297071,36.84124651,37.38969986,37.92334655,38.43869401,38.93726994,39.42092114,39.8873114,40.33353222,40.75953042,41.15614872,41.52836503,41.90670753,42.33231726,42.83070482,43.42050293,44.08277963,44.75985219
Costa Rica,CRI,Land area (sq. km),AG.LND.TOTL.K2,51060,51060,51060,51060,51060,51060,51060,51060,51060,51060,51060,51060,51060,51060,51060,51060,51060,51060,51060,51060,51060,51060,51060,51060,51060,51060,51060,51060,51060
Costa Rica,CRI,"Population, total",SP.POP.TOTL,3119436,3202083,3286525,3372298,3458829,3545524,3632361,3718952,3803893,3885428,3962369,4034074,4100922,4164053,4225156,4285504,4345421,4404626,4463123,4520739,4577371,4633086,4688003,4742111,4795390,4847805,4899336,4949955,4999443
Costa Rica,CRI,GDP (current US$),NY.GDP.MKTP.CD,5711687787,7196276092,8564044017,9582866263,10486784805,11578594260,11678424512,12614602387,13684255950,14254866288,15013629665,15976174337,16578820687,17271760507,18610594846,20040642477,22715540324,26884700345,30801744881,30745712007,37658614803,42762617082,47231651865,50949672206,52016408951,56441917653,58847016045,60516043590,62335931464
Costa Rica,CRI,GDP per capita (current US$),NY.GDP.PCAP.CD,1831.000151,2247.373379,2605.805225,2841.64278,3031.888771,3265.693381,3215.105688,3391.977736,3597.43451,3668.80207,3789.053888,3960.307703,4042.705686,4147.824369,4404.711884,4676.379366,5227.465952,6103.741917,6901.388306,6801.036735,8227.127494,9229.834517,10075.00462,10744.09102,10847.16967,11642.77805,12011.22275,12225.57449,12468.57529
Costa Rica,CRI,Population density (people per sq. km of land area),EN.POP.DNST,61.09353702,62.71216216,64.36594203,66.04578927,67.74048179,69.43838621,71.13907168,72.83493929,74.49849197,76.09533882,77.60221308,79.00654132,80.31574618,81.55215433,82.7488445,83.93074814,85.10421073,86.26372895,87.40938112,88.53777908,89.6469056,90.73807286,91.81361144,92.87330591,93.91676459,94.943302,95.95252644,96.94388954,97.91310223
Czech Republic,CZE,Land area (sq. km),AG.LND.TOTL.K2,77270,77270,77270,77270,77270,77270,77270,77270,77270,77270,77270,77270,77270,77270,77260,77260,77250,77250,77250,77250,77240,77240,77230,77220,77220,77210,77220,77210,77200
Czech Republic,CZE,"Population, total",SP.POP.TOTL,10333355,10308578,10319123,10329855,10333587,10327253,10315241,10304131,10294373,10283860,10255063,10216605,10196916,10193998,10197101,10211216,10238905,10298828,10384603,10443936,10474410,10496088,10510785,10514272,10525347,10546059,10566332,10594438,10629928
Czech Republic,CZE,GDP (current US$),NY.GDP.MKTP.CD,40728950705,29859921159,34805013230,40866748705,47850203856,60147174077,67387788633,62180159376,66807429711,65173130995,61828166496,67808032980,82196001051,1.00E+11,1.20E+11,1.37E+11,1.56E+11,1.90E+11,2.37E+11,2.07E+11,2.09E+11,2.30E+11,2.09E+11,2.12E+11,2.09E+11,1.88E+11,1.96E+11,2.19E+11,2.49E+11
Czech Republic,CZE,GDP per capita (current US$),NY.GDP.PCAP.CD,3941.503094,2896.609131,3372.86543,3956.17835,4630.551217,5824.121291,6532.837055,6034.488437,6489.703619,6337.41912,6029.038193,6637.041657,8060.868703,9818.568493,11749.85266,13430.6699,15261.79759,18466.54793,22804.57768,19861.69743,19960.06849,21871.26608,19870.80121,20133.16914,19890.91991,17829.69832,18575.23203,20636.19995,23419.73561
Czech Republic,CZE,Population density (people per sq. km of land area),EN.POP.DNST,133.7304905,133.4098356,133.5463052,133.6851948,133.7334929,133.6515206,133.4960657,133.3522842,133.2259997,133.0899444,132.7172641,132.2195548,131.964747,131.9269833,131.9842221,132.1669169,132.5424595,133.3181618,134.4285178,135.1965825,135.6086225,135.8892802,136.0971773,136.1599586,136.30338,136.589289,136.8341362,137.2158788,137.6933679
Germany,DEU,Land area (sq. km),AG.LND.TOTL.K2,349130,349130,349130,349120,349110,349100,349090,349050,349020,348980,348950,348900,348860,348810,348770,348760,348720,348670,348630,348610,348570,348560,348540,348880,348900,348860,349360,349370,349380
Germany,DEU,"Population, total",SP.POP.TOTL,79433029,80013896,80624598,81156363,81438348,81678051,81914831,82034771,82047195,82100243,82211508,82349925,82488495,82534176,82516260,82469422,82376451,82266372,82110097,81902307,81776930,80274983,80425823,80645605,80982500,81686611,82348669,82657002,82905782
Germany,DEU,GDP (current US$),NY.GDP.MKTP.CD,1.77E+12,1.87E+12,2.13E+12,2.07E+12,2.21E+12,2.59E+12,2.50E+12,2.21E+12,2.24E+12,2.19E+12,1.94E+12,1.94E+12,2.07E+12,2.50E+12,2.81E+12,2.85E+12,2.99E+12,3.42E+12,3.73E+12,3.40E+12,3.40E+12,3.74E+12,3.53E+12,3.73E+12,3.88E+12,3.36E+12,3.47E+12,3.67E+12,3.96E+12
Germany,DEU,GDP per capita (current US$),NY.GDP.PCAP.CD,22303.96133,23357.75773,26438.23039,25522.62957,27076.60675,31658.34938,30485.86655,26964.04947,27289.05936,26725.91522,23635.92922,23607.88286,25077.72908,30243.57653,34044.05363,34507.36881,36323.44774,41587.2129,45427.15168,41485.90165,41531.9342,46644.77603,43858.36306,46285.76407,47959.99327,41086.72967,42107.51727,44442.77184,47787.16051
Germany,DEU,Population density (people per sq. km of land area),EN.POP.DNST,227.5170538,229.1808094,230.9300203,232.4597932,233.2741772,233.9674907,234.6524707,235.0229795,235.0787777,235.2577311,235.5968133,236.0273001,236.4515708,236.6164273,236.5921954,236.4646806,236.2251979,235.9433619,235.5221782,234.9396374,234.6069082,230.3046333,230.7506255,231.1557126,232.1080539,234.1529869,235.7129294,236.5887226,237.2940123
Denmark,DNK,Land area (sq. km),AG.LND.TOTL.K2,42390,42390,42430,42430,42430,42430,42430,42430,42430,42430,42430,42430,42430,42430,42430,42430,42430,42430,42430,42430,42430,42430,40000,40000,40000,40000,40000,40000,40000
Denmark,DNK,"Population, total",SP.POP.TOTL,5140939,5154298,5171370,5188628,5206180,5233373,5263074,5284991,5304219,5321799,5339616,5358783,5375931,5390574,5404523,5419432,5437272,5461438,5493621,5523095,5547683,5570572,5591572,5614932,5643475,5683483,5728010,5764980,5793636
Denmark,DNK,GDP (current US$),NY.GDP.MKTP.CD,1.38E+11,1.39E+11,1.53E+11,1.43E+11,1.56E+11,1.85E+11,1.88E+11,1.74E+11,1.77E+11,1.78E+11,1.64E+11,1.65E+11,1.79E+11,2.18E+11,2.51E+11,2.64E+11,2.83E+11,3.19E+11,3.53E+11,3.21E+11,3.22E+11,3.44E+11,3.27E+11,3.44E+11,3.53E+11,3.03E+11,3.13E+11,3.32E+11,3.57E+11
Denmark,DNK,GDP per capita (current US$),NY.GDP.PCAP.CD,26891.44645,27011.37746,29569.66036,27597.97523,29995.57962,35351.36546,35650.71409,32835.93994,33368.14242,33440.79481,30743.54768,30751.65435,33228.69354,40458.7774,46511.59833,48799.8256,52026.99951,58487.05497,64322.0635,58163.27688,58041.39844,61753.64713,58507.50805,61191.1937,62548.98473,53254.85637,54663.99837,57610.09818,61598.5367
Denmark,DNK,Population density (people per sq. km of land area),EN.POP.DNST,121.2771644,121.5923095,121.8800377,122.2867782,122.7004478,123.3413387,124.0413387,124.5578836,125.0110535,125.425383,125.8452981,126.2970304,126.7011784,127.046288,127.3750412,127.72642,128.1468772,128.7164271,129.4749234,130.1695734,130.7490691,131.2885223,139.7893,140.3733,141.086875,142.087075,143.20025,144.1245,144.8409
Spain,ESP,Land area (sq. km),AG.LND.TOTL.K2,499440,499440,499440,499440,499440,499440,499440,499440,499440,499440,499000,498520,499040,499210,499180,499090,498980,499110,498800,498660,500010,499880,500210,500210,500210,499661,499564,499547.35,499603.479
Spain,ESP,"Population, total",SP.POP.TOTL,38867322,38966376,39157685,39361262,39549108,39724050,39889852,40057389,40223509,40386875,40567864,40850412,41431558,42187645,42921895,43653155,44397319,45226803,45954106,46362946,46576897,46742697,46773055,46620045,46480882,46444832,46484062,46593236,46797754
Spain,ESP,GDP (current US$),NY.GDP.MKTP.CD,5.37E+11,5.77E+11,6.31E+11,5.25E+11,5.31E+11,6.15E+11,6.43E+11,5.90E+11,6.19E+11,6.35E+11,5.97E+11,6.27E+11,7.05E+11,9.05E+11,1.07E+12,1.15E+12,1.26E+12,1.47E+12,1.63E+12,1.49E+12,1.42E+12,1.48E+12,1.32E+12,1.35E+12,1.37E+12,1.20E+12,1.23E+12,1.31E+12,1.42E+12
Spain,ESP,GDP per capita (current US$),NY.GDP.PCAP.CD,13804.87679,14811.90282,16112.18892,13339.90856,13415.287,15471.96272,16109.0844,14730.79718,15394.35146,15715.33227,14713.06571,15355.70317,17025.53198,21463.44266,24861.2828,26419.29686,28365.31349,32549.97098,35366.2596,32042.47408,30502.71971,31636.44631,28324.42934,29059.54795,29461.55033,25732.01836,26505.34322,28100.58624,30374.52104
Spain,ESP,Population density (people per sq. km of land area),EN.POP.DNST,77.82180442,78.02013455,78.40318156,78.81079209,79.18690533,79.53718164,79.86915746,80.20460716,80.53721969,80.86431804,81.29832465,81.94337639,83.02251924,84.50881393,85.98480508,87.4654972,88.97614934,90.61490052,92.12932237,92.97506517,93.15193096,93.50783588,93.50683713,93.2009456,92.92273645,92.95268592,93.04926296,93.27091015,93.66979208
Estonia,EST,Land area (sq. km),AG.LND.TOTL.K2,42390,42390,42390,42390,42390,42390,42390,42390,42390,42390,42390,42390,42390,42390,42390,42390,42390,42390,42390,42390,42390,42390,42390,43470,43470,43470,43470,43470,43470
Estonia,EST,"Population, total",SP.POP.TOTL,1569174,1561314,1533091,1494128,1462514,1436634,1415594,1399535,1386156,1390244,1396985,1388115,1379350,1370720,1362550,1354775,1346810,1340680,1337090,1334515,1331475,1327439,1322696,1317997,1314545,1315407,1315790,1317384,1321977
Estonia,EST,GDP (current US$),NY.GDP.MKTP.CD,..,..,..,..,..,4497823761,4780170373,5147710775,5665917232,5762048552,5694069842,6259257900,7372457380,9877636631,12144397516,14098326079,17012322168,22445583082,24371299253,19744110864,19685038567,23394844085,23192708982,25271406708,26773473625,23048864243,24259552889,26885077005,30616184212
Estonia,EST,GDP per capita (current US$),NY.GDP.PCAP.CD,..,..,..,..,..,3130.806984,3376.79474,3678.157942,4087.503306,4144.631124,4075.970639,4509.178202,5344.877935,7206.166562,8912.992195,10406.39669,12631.56805,16741.93923,18227.11953,14794.9711,14784.38466,17624.04456,17534.42135,19174.10033,20367.10316,17522.23019,18437.25282,20407.92738,23159.39249
Estonia,EST,Population density (people per sq. km of land area),EN.POP.DNST,37.01755131,36.83213022,36.1663364,35.24718094,34.50139184,33.89087049,33.39452701,33.01568766,32.70007077,32.79650861,32.95553197,32.7462845,32.53951404,32.33592828,32.14319415,31.95977825,31.77188016,31.62727058,31.5425808,31.48183534,31.41012031,31.31490918,31.20301958,30.31969174,30.24028065,30.26011042,30.2689211,30.30559006,30.41124914
Finland,FIN,Land area (sq. km),AG.LND.TOTL.K2,304590,304590,304590,304590,304590,304590,304590,304590,304590,304590,304590,304590,304590,304590,304590,304590,304110,304090,303900,303900,303900,303890,303890,303890,303890,303910,303910,303920,303920
Finland,FIN,"Population, total",SP.POP.TOTL,4986431,5013740,5041992,5066447,5088333,5107790,5124573,5139835,5153498,5165474,5176209,5188008,5200598,5213014,5228172,5246096,5266268,5288720,5313399,5338871,5363352,5388272,5413971,5438972,5461512,5479531,5495303,5508214,5515525
Finland,FIN,GDP (current US$),NY.GDP.MKTP.CD,1.41E+11,1.28E+11,1.13E+11,89214114708,1.03E+11,1.34E+11,1.32E+11,1.27E+11,1.34E+11,1.35E+11,1.26E+11,1.29E+11,1.40E+11,1.71E+11,1.97E+11,2.05E+11,2.17E+11,2.56E+11,2.85E+11,2.52E+11,2.49E+11,2.75E+11,2.58E+11,2.71E+11,2.74E+11,2.34E+11,2.41E+11,2.55E+11,2.76E+11
Finland,FIN,GDP per capita (current US$),NY.GDP.PCAP.CD,28364.64508,25484.73929,22319.05946,17608.81239,20301.33309,26271.59981,25783.45049,24691.87281,26009.26949,26177.34798,24285.46682,24946.18919,26869.6749,32855.13263,37702.84538,39040.28888,41188.0937,48414.84509,53554.03892,47293.99283,46459.97325,51081.99767,47710.79022,49878.04324,50260.29986,42784.69836,43784.28396,46297.49635,50013.2942
Finland,FIN,Population density (people per sq. km of land area),EN.POP.DNST,16.37096096,16.46061919,16.55337339,16.63366164,16.70551561,16.76939492,16.82449522,16.87460192,16.91945894,16.95877737,16.99402147,17.03275879,17.07409304,17.11485604,17.16462129,17.22346761,17.31698399,17.39195633,17.48403751,17.56785456,17.64841066,17.73099477,17.81556155,17.89783145,17.97200303,18.03011089,18.08200783,18.12389445,18.14795012
France,FRA,Land area (sq. km),AG.LND.TOTL.K2,547566,547566,547566,547566,547566,547566,547566,547566,547566,547566,547567,547567,547567,547867,547567,547557,547557,547557,547557,547557,547557,547557,547557,547557,547557,547557,547557,547557,547557
France,FRA,"Population, total",SP.POP.TOTL,58235716,58559309,58851216,59106758,59327200,59541904,59753095,59964841,60186284,60496708,60912500,61357432,61805266,62244880,62704901,63179356,63621376,64016227,64374979,64707035,65027505,65342789,65659814,65998685,66312067,66548272,66724104,66918020,67101930
France,FRA,GDP (current US$),NY.GDP.MKTP.CD,1.27E+12,1.27E+12,1.40E+12,1.32E+12,1.39E+12,1.60E+12,1.61E+12,1.45E+12,1.50E+12,1.49E+12,1.36E+12,1.38E+12,1.49E+12,1.84E+12,2.12E+12,2.20E+12,2.32E+12,2.66E+12,2.92E+12,2.69E+12,2.64E+12,2.86E+12,2.68E+12,2.81E+12,2.85E+12,2.44E+12,2.47E+12,2.59E+12,2.79E+12
France,FRA,GDP per capita (current US$),NY.GDP.PCAP.CD,21793.83554,21675.06499,23813.71225,22380.10775,23496.52015,26890.21762,26871.83127,24228.94639,24974.27386,24673.20305,22364.02939,22433.55498,24177.33556,29568.3888,33741.26192,34760.18502,36443.62631,41508.43269,45334.11796,41575.42196,40638.33525,43790.72602,40874.70039,42592.93539,43011.2631,36638.18493,37037.37419,38685.25849,41526.41466
France,FRA,Population density (people per sq. km of land area),EN.POP.DNST,106.3537838,106.94475,107.4778492,107.9445364,108.3471216,108.7392278,109.1249183,109.5116223,109.9160357,110.4829518,111.2420946,112.0546563,112.8725179,113.6131214,114.5154858,115.3840714,116.1913299,116.9124438,117.5676304,118.1740622,118.7593346,119.3351359,119.9141167,120.5329947,121.1053224,121.5367021,121.857823,122.2119706,122.5478443
United Kingdom,GBR,Land area (sq. km),AG.LND.TOTL.K2,241930,241930,241930,241930,241930,241930,241930,241930,241930,241930,241930,241930,241930,241930,241930,241930,241930,241930,241930,241930,241930,241930,241930,241930,241930,241930,241930,241930,241930
United Kingdom,GBR,"Population, total",SP.POP.TOTL,57247586,57424897,57580402,57718614,57865745,58019030,58166950,58316954,58487141,58682466,58892514,59119673,59370479,59647577,59987905,60401206,60846820,61322463,61806995,62276270,62766365,63258810,63700215,64128273,64602298,65116219,65611593,66058859,66460344
United Kingdom,GBR,GDP (current US$),NY.GDP.MKTP.CD,1.09E+12,1.14E+12,1.18E+12,1.06E+12,1.14E+12,1.34E+12,1.42E+12,1.56E+12,1.65E+12,1.68E+12,1.66E+12,1.64E+12,1.78E+12,2.05E+12,2.41E+12,2.53E+12,2.71E+12,3.09E+12,2.92E+12,2.41E+12,2.48E+12,2.66E+12,2.70E+12,2.78E+12,3.07E+12,2.93E+12,2.69E+12,2.66E+12,2.86E+12
United Kingdom,GBR,GDP per capita (current US$),NY.GDP.PCAP.CD,19095.467,19900.72665,20487.17079,18389.01957,19709.2381,23123.69456,24333.23418,26719.54296,28238.99505,28665.70749,28156.26741,27717.62581,29982.6187,34383.94796,40208.85608,41932.87736,44472.57423,50444.93015,47267.01218,38736.9022,39536.77268,42047.61425,42449.10767,43401.31053,47452.19914,45039.23595,41048.34966,40304.72308,42992.80372
United Kingdom,GBR,Population density (people per sq. km of land area),EN.POP.DNST,236.6287191,237.3616211,238.0043897,238.5756789,239.1838342,239.8174265,240.4288431,241.0488736,241.7523292,242.5596908,243.4279089,244.366854,245.4035423,246.5489067,247.9556277,249.6639772,251.5058901,253.4719258,255.4747034,257.4144174,259.4401893,261.4756748,263.3001901,265.0695366,267.0288844,269.1531393,271.2007316,273.049473,274.7089819
United States,USA,Land area (sq. km),AG.LND.TOTL.K2,9158960,9158960,9158960,9158960,9158960,9158960,9158960,9158960,9158960,9158960,9161920,9161920,9161920,9161920,9161920,9161920,9161920,9161920,9147420,9147420,9147420,9147420,9147420,9147420,9147420,9147420,9147420,9147420,9147420
United States,USA,"Population, total",SP.POP.TOTL,249623000,252981000,256514000,259919000,263126000,266278000,269394000,272657000,275854000,279040000,282162411,284968955,287625193,290107933,292805298,295516599,298379912,301231207,304093966,306771529,309327143,311583481,313877662,316059947,318386329,320738994,323071755,325122128,326838199
United States,USA,GDP (current US$),NY.GDP.MKTP.CD,5.96E+12,6.16E+12,6.52E+12,6.86E+12,7.29E+12,7.64E+12,8.07E+12,8.58E+12,9.06E+12,9.63E+12,1.03E+13,1.06E+13,1.09E+13,1.15E+13,1.22E+13,1.30E+13,1.38E+13,1.45E+13,1.47E+13,1.44E+13,1.50E+13,1.55E+13,1.62E+13,1.68E+13,1.75E+13,1.82E+13,1.87E+13,1.95E+13,2.06E+13
United States,USA,GDP per capita (current US$),NY.GDP.PCAP.CD,23888.60001,24342.2589,25418.99078,26387.29373,27694.85342,28690.8757,29967.71272,31459.13898,32853.67695,34513.5615,36334.90878,37133.24281,38023.16111,39496.48588,41712.80107,44114.74778,46298.73144,47975.9677,48382.55845,47099.98047,48466.6576,49882.55813,51602.93105,53106.53677,55049.98833,56863.3715,58021.4005,60109.65573,63064.41841
United States,USA,Population density (people per sq. km of land area),EN.POP.DNST,27.25451361,27.62114913,28.00689161,28.37865871,28.72880764,29.07295151,29.41316481,29.76942797,30.11848507,30.46634116,30.79730133,31.10362839,31.39354993,31.66453462,31.95894507,32.2548766,32.56739985,32.87861136,33.24368685,33.53639923,33.81578008,34.06244395,34.31324483,34.55181319,34.8061343,35.06332868,35.31834714,35.54249482,35.73009646
Greece,GRC,Land area (sq. km),AG.LND.TOTL.K2,128900,128900,128900,128900,128900,128900,128900,128900,128900,128900,128900,128900,128900,128900,128900,128900,128900,128900,128900,128900,128900,128900,128900,128900,128900,128900,128900,128900,128900
Greece,GRC,"Population, total",SP.POP.TOTL,10196792,10319927,10399061,10460415,10512922,10562153,10608800,10661259,10720509,10761698,10805808,10862132,10902022,10928070,10955141,10987314,11020362,11048473,11077841,11107017,11121341,11104899,11045011,10965211,10892413,10820883,10775971,10754679,10732882
Greece,GRC,GDP (current US$),NY.GDP.MKTP.CD,97891092003,1.05E+11,1.16E+11,1.09E+11,1.17E+11,1.37E+11,1.46E+11,1.43E+11,1.44E+11,1.43E+11,1.30E+11,1.36E+11,1.54E+11,2.02E+11,2.41E+11,2.48E+11,2.73E+11,3.18E+11,3.54E+11,3.30E+11,2.97E+11,2.83E+11,2.42E+11,2.38E+11,2.35E+11,1.95E+11,1.93E+11,2.00E+11,2.12E+11
Greece,GRC,GDP per capita (current US$),NY.GDP.PCAP.CD,9600.185235,10188.36978,11176.45842,10401.98301,11091.28385,12959.32429,13749.11511,13427.83251,13472.13761,13245.18944,12042.95371,12538.17887,14110.31337,18477.57836,21955.10414,22551.73577,24801.15778,28827.32639,31997.28202,29710.97023,26690.60742,25450.53412,21915.19132,21749.15248,21601.7764,18050.09761,17885.39281,18562.22943,19765.99645
Greece,GRC,Population density (people per sq. km of land area),EN.POP.DNST,79.10622188,80.06149728,80.67541505,81.15139643,81.55874321,81.94067494,82.30256012,82.70953452,83.16919317,83.48873545,83.83093871,84.2678976,84.5773623,84.77944143,84.98945694,85.23905353,85.49543832,85.71352211,85.94135764,86.16770365,86.27882855,86.1512723,85.68666408,85.06757952,84.50281614,83.94788984,83.5994647,83.43428239,83.26518231
Hungary,HUN,Land area (sq. km),AG.LND.TOTL.K2,89870,89870,89870,89860,89860,89860,89860,89800,89800,89800,89620,89620,89620,89620,89620,89610,89610,89610,89610,90530,90530,90530,90530,90530,91260,91260,91260,91260,91260
Hungary,HUN,"Population, total",SP.POP.TOTL,10373988,10373400,10369341,10357523,10343355,10328965,10311238,10290486,10266570,10237530,10210971,10187576,10158608,10129552,10107146,10087065,10071370,10055780,10038188,10022650,10000023,9971727,9920362,9893082,9866468,9843028,9814023,9787966,9775564
Hungary,HUN,GDP (current US$),NY.GDP.MKTP.CD,..,34753569693,38730585922,40124916941,43166678735,46425677734,46658755152,47296952929,48706787306,49073380174,47218405892,53749989092,67608919144,85302003908,1.04E+11,1.13E+11,1.16E+11,1.40E+11,1.58E+11,1.31E+11,1.32E+11,1.42E+11,1.28E+11,1.35E+11,1.41E+11,1.25E+11,1.28E+11,1.43E+11,1.60E+11
Hungary,HUN,GDP per capita (current US$),NY.GDP.PCAP.CD,..,3350.258323,3735.10582,3873.987723,4173.373024,4494.707624,4525.039103,4596.182622,4744.212264,4793.478522,4624.281657,5276.033189,6655.333009,8421.103313,10285.79363,11200.57695,11475.82271,13918.96019,15753.47328,13046.48101,13191.62126,14216.16561,12950.68652,13687.51406,14267.01215,12706.89121,13090.50673,14605.85435,16411.44111
Hungary,HUN,Population density (people per sq. km of land area),EN.POP.DNST,115.4332703,115.4267275,115.3815623,115.2628867,115.1052192,114.9450812,114.7478077,114.5933853,114.3270601,114.0036748,113.9362977,113.6752511,113.3520196,113.0278063,112.7777951,112.5662872,112.3911394,112.2171633,112.0208459,110.7108141,110.4608748,110.1483155,109.5809345,109.2795979,108.1138286,107.8569801,107.5391519,107.253627,107.1177296
Iceland,ISL,Land area (sq. km),AG.LND.TOTL.K2,100250,100250,100250,100250,100250,100250,100250,100250,100250,100250,100250,100250,100250,100250,100250,100250,100250,100250,100250,100250,100250,100250,100250,100250,100250,100250,100250,100250,100830
Iceland,ISL,"Population, total",SP.POP.TOTL,254826,257797,261057,263725,266021,267468,268916,271128,274047,277381,281205,284968,287523,289521,292074,296734,303782,311566,317414,318499,318041,319014,320716,323764,327386,330815,335439,343400,352721
Iceland,ISL,GDP (current US$),NY.GDP.MKTP.CD,6468736287,6909730237,7080981669,6218581472,6389460286,7123633356,7426081278,7569666974,8503693099,8982047589,9025660362,8234846805,9318395055,11429333038,13825302536,16852963067,17465318552,21652505597,18074622987,13154414219,13751161918,15221622926,14751508134,16125060515,17867662178,17517210519,20793168031,24728285177,26224228693
Iceland,ISL,GDP per capita (current US$),NY.GDP.PCAP.CD,25384.91475,26802.98932,27124.27427,23579.79514,24018.63118,26633.59114,27614.87334,27919.16355,31030.0536,32381.62524,32096.37226,28897.44394,32409.21615,39476.69785,47334.93065,56794.85016,57492.93425,69495.72674,56943.37045,41301.27322,43237.07295,47714.59223,45995.54788,49804.983,54576.74481,52951.68151,61987.92636,72010.14903,74348.36228
Iceland,ISL,Population density (people per sq. km of land area),EN.POP.DNST,2.541905237,2.571541147,2.60405985,2.630673317,2.65357606,2.668009975,2.682453865,2.704518703,2.73363591,2.766892768,2.805037406,2.842573566,2.86805985,2.887990025,2.913456359,2.95994015,3.030244389,3.107890274,3.166224439,3.177047382,3.172478803,3.182184539,3.199162095,3.229566085,3.265695761,3.299900249,3.346024938,3.425436409,3.498175146
Ireland,IRL,Land area (sq. km),AG.LND.TOTL.K2,68890,68890,68890,68890,68890,68890,68890,68890,68890,68890,68890,68890,68890,68890,68890,68890,68890,68890,68890,68890,68890,68890,68890,68890,68890,68890,68890,68890,68890
Ireland,IRL,"Population, total",SP.POP.TOTL,3513974,3534235,3558430,3576261,3590386,3608841,3637510,3674171,3712696,3754786,3805174,3866243,3931947,3996521,4070262,4159914,4273591,4398942,4489544,4535375,4560155,4580084,4599533,4623816,4657740,4701957,4755335,4807388,4867316
Ireland,IRL,GDP (current US$),NY.GDP.MKTP.CD,49313360688,49795307390,55927302693,52425693685,57106606596,69150661616,75786499496,82821063754,90121737131,98730943959,99871239174,1.09E+11,1.28E+11,1.64E+11,1.94E+11,2.12E+11,2.32E+11,2.70E+11,2.75E+11,2.36E+11,2.22E+11,2.38E+11,2.25E+11,2.38E+11,2.59E+11,2.92E+11,3.00E+11,3.39E+11,3.86E+11
Ireland,IRL,GDP per capita (current US$),NY.GDP.PCAP.CD,14033.50187,14089.41607,15716.84779,14659.35895,15905.42259,19161.45976,20834.71922,22541.42873,24273.93386,26294.69268,26246.16882,28239.59661,32540.26324,41100.65954,47644.93209,50891.34809,54283.06472,61337.17962,61213.30652,52008.72824,48698.16532,51886.50849,48914.61753,51577.27936,55586.9626,62000.11881,62993.7451,70413.12183,79297.7292
Ireland,IRL,Population density (people per sq. km of land area),EN.POP.DNST,51.00847728,51.30258383,51.65379591,51.91262883,52.11766584,52.38555668,52.80171288,53.3338801,53.89310495,54.50407897,55.23550588,56.12197706,57.07572942,58.01307882,59.08349543,60.38487444,62.03499782,63.85457976,65.16974888,65.83502685,66.19473073,66.484018,66.76633764,67.11882712,67.61126433,68.25311366,69.0279431,69.78353898,70.65344753
Israel,ISR,Land area (sq. km),AG.LND.TOTL.K2,21640,21640,21640,21640,21640,21640,21640,21640,21640,21640,21640,21640,21640,21640,21640,21640,21640,21640,21640,21640,21640,21640,21640,21640,21640,21640,21640,21640,21640
Israel,ISR,"Population, total",SP.POP.TOTL,4660000,4949000,5123000,5261000,5399000,5545000,5692000,5836000,5971000,6125000,6289000,6439000,6570000,6689700,6809000,6930100,7053700,7180100,7308800,7485600,7623600,7765800,7910500,8059500,8215700,8380100,8546000,8713300,8882800
Israel,ISR,GDP (current US$),NY.GDP.MKTP.CD,..,..,..,..,..,1.01E+11,1.10E+11,1.15E+11,1.16E+11,1.17E+11,1.33E+11,1.31E+11,1.21E+11,1.27E+11,1.36E+11,1.43E+11,1.54E+11,1.79E+11,2.16E+11,2.07E+11,2.34E+11,2.61E+11,2.57E+11,2.93E+11,3.10E+11,3.00E+11,3.19E+11,3.53E+11,3.70E+11
Israel,ISR,GDP per capita (current US$),NY.GDP.PCAP.CD,..,..,..,..,..,18166.79961,19400.67836,19701.31593,19462.06649,19163.03291,21101.1801,20353.62199,18479.70139,19033.75616,19933.64247,20585.63748,21854.87789,24939.4618,29599.78301,27719.79499,30694.16768,33610.69403,32510.3453,36316.47837,37738.41607,35813.71341,37282.53056,40474.66813,41704.82857
Israel,ISR,Population density (people per sq. km of land area),EN.POP.DNST,215.3419593,228.6968577,236.7375231,243.1146026,249.4916821,256.2384473,263.0314233,269.6857671,275.9242144,283.0406654,290.6192237,297.5508318,303.6044362,309.1358595,314.6487985,320.2449168,325.9565619,331.797597,337.7449168,345.9149723,352.2920518,358.8632163,365.5499076,372.435305,379.6534196,387.2504621,394.9168207,402.6478743,410.4805915
Italy,ITA,Land area (sq. km),AG.LND.TOTL.K2,294110,294110,294110,294110,294110,294110,294110,294110,294110,294110,294110,294110,294110,294140,294140,294140,294140,294140,294140,294140,294140,294140,294140,294140,294140,294140,294140,294140,297730
Italy,ITA,"Population, total",SP.POP.TOTL,56719240,56758521,56797087,56831821,56843400,56844303,56860281,56890372,56906744,56916317,56942108,56974100,57059007,57313203,57685327,57969484,58143979,58438310,58826731,59095365,59277417,59379449,59539717,60233948,60789140,60730582,60627498,60536709,60421760
Italy,ITA,GDP (current US$),NY.GDP.MKTP.CD,1.18E+12,1.25E+12,1.32E+12,1.06E+12,1.10E+12,1.17E+12,1.31E+12,1.24E+12,1.27E+12,1.25E+12,1.14E+12,1.17E+12,1.27E+12,1.57E+12,1.80E+12,1.86E+12,1.95E+12,2.21E+12,2.40E+12,2.19E+12,2.13E+12,2.29E+12,2.09E+12,2.14E+12,2.16E+12,1.84E+12,1.88E+12,1.96E+12,2.09E+12
Italy,ITA,GDP per capita (current US$),NY.GDP.PCAP.CD,20825.78422,21956.52977,23243.47453,18738.7639,19337.6309,20664.55227,23081.60468,21829.34582,22318.1373,21997.62432,20087.59199,20483.21599,22270.14412,27465.6753,31259.7165,32043.14037,33501.65817,37822.66524,40778.34274,37079.75867,36000.52012,38599.06221,35053.52624,35549.9747,35518.41529,30230.2263,30939.71425,32326.67421,34608.6756
Italy,ITA,Population density (people per sq. km of land area),EN.POP.DNST,192.8504301,192.983989,193.1151168,193.2332155,193.2725851,193.2756554,193.329982,193.432294,193.4879603,193.5205093,193.608201,193.7169766,194.0056679,194.8500816,196.115207,197.0812674,197.6745053,198.6751547,199.9956857,200.9089719,201.5279017,201.8747841,202.4196539,204.7798599,206.6673693,206.4682872,206.1178282,205.8091691,202.941457
Japan,JPN,Land area (sq. km),AG.LND.TOTL.K2,364600,364600,364600,364600,364600,364600,364500,364500,364500,364500,364500,364500,364500,364500,364500,364500,364500,364500,364500,364500,364500,364500,364500,364500,364500,364500,364500,364500,364500
Japan,JPN,"Population, total",SP.POP.TOTL,123478000,123964000,124425000,124829000,125178000,125472000,125757000,126057000,126400000,126631000,126843000,127149000,127445000,127718000,127761000,127773000,127854000,128001000,128063000,128047000,128070000,127833000,127629000,127445000,127276000,127141000,126994511,126785797,126529100
Japan,JPN,GDP (current US$),NY.GDP.MKTP.CD,3.13E+12,3.58E+12,3.91E+12,4.45E+12,4.91E+12,5.45E+12,4.83E+12,4.41E+12,4.03E+12,4.56E+12,4.89E+12,4.30E+12,4.12E+12,4.45E+12,4.82E+12,4.76E+12,4.53E+12,4.52E+12,5.04E+12,5.23E+12,5.70E+12,6.16E+12,6.20E+12,5.16E+12,4.85E+12,4.39E+12,4.92E+12,4.87E+12,4.95E+12
Japan,JPN,GDP per capita (current US$),NY.GDP.PCAP.CD,25371.46417,28915.0082,31414.98464,35681.96394,39200.49357,43428.94275,38436.92631,35021.71909,31902.7671,36026.55608,38532.04088,33846.46564,32289.35054,34808.39092,37688.72234,37217.64873,35433.98896,35275.22843,39339.29757,40855.17564,44507.67639,48167.99727,48603.47665,40454.44746,38109.41211,34524.46986,38761.81815,38386.51115,39159.42356
Japan,JPN,Population density (people per sq. km of land area),EN.POP.DNST,338.6670324,340,341.2643993,342.372463,343.3296764,344.1360395,345.0123457,345.8353909,346.776406,347.4101509,347.9917695,348.8312757,349.6433471,350.3923182,350.5102881,350.5432099,350.7654321,351.1687243,351.3388203,351.2949246,351.3580247,350.7078189,350.1481481,349.6433471,349.1796982,348.8093278,348.4074376,347.834834,347.1305898
"Korea, Rep.",KOR,Land area (sq. km),AG.LND.TOTL.K2,96460,96460,96460,96460,96460,96460,96460,96460,96460,96460,96460,96740,96790,96800,96820,96850,96880,96920,96990,97060,97200,97190,97310,97426,97430,97445,97489,97510,97520
"Korea, Rep.",KOR,"Population, total",SP.POP.TOTL,42869283,43295704,43747962,44194628,44641540,45092991,45524681,45953580,46286503,46616677,47008111,47370164,47644736,47892330,48082519,48184561,48438292,48683638,49054708,49307835,49554112,49936638,50199853,50428893,50746659,51014947,51217803,51361911,51606633
"Korea, Rep.",KOR,GDP (current US$),NY.GDP.MKTP.CD,2.83E+11,3.31E+11,3.56E+11,3.93E+11,4.64E+11,5.67E+11,6.10E+11,5.70E+11,3.83E+11,4.98E+11,5.76E+11,5.48E+11,6.27E+11,7.03E+11,7.93E+11,9.35E+11,1.05E+12,1.17E+12,1.05E+12,9.44E+11,1.14E+12,1.25E+12,1.28E+12,1.37E+12,1.48E+12,1.47E+12,1.50E+12,1.62E+12,1.72E+12
"Korea, Rep.",KOR,GDP per capita (current US$),NY.GDP.PCAP.CD,6610.036508,7636.982429,8126.67039,8884.928319,10385.33617,12564.77813,13403.04959,12398.48003,8281.699982,10672.41793,12256.99357,11561.24837,13165.06574,14672.85747,16496.12009,19402.50263,21743.47745,24086.41044,21350.42798,19143.85161,23087.22564,25096.26388,25466.76052,27182.73431,29249.57522,28732.23108,29288.87044,31616.8434,33422.94421
"Korea, Rep.",KOR,Population density (people per sq. km of land area),EN.POP.DNST,444.4254924,448.8461953,453.5347502,458.1653328,462.7984657,467.4786544,471.9539809,476.4003732,479.8517831,483.2746942,487.3326871,489.6647095,492.2485381,494.7554752,496.6176307,497.5174084,499.9823699,502.3074494,505.7707805,508.0139604,509.8159671,513.8042803,515.8755832,517.6122698,520.8524992,523.5255477,525.3700725,526.7348067,529.1902482
Lithuania,LTU,Land area (sq. km),AG.LND.TOTL.K2,62680,62680,62680,62680,62680,62680,62680,62680,62680,62680,62680,62680,62680,62680,62680,62680,62680,62680,62675,62675,62675,62674,62674,62675,62650,62650,62642,62641,62630
Lithuania,LTU,"Population, total",SP.POP.TOTL,3697838,3704134,3700114,3682613,3657144,3629102,3601613,3575137,3549331,3524238,3499536,3470818,3443067,3415213,3377075,3322528,3269909,3231294,3198231,3162916,3097282,3028115,2987773,2957689,2932367,2904910,2868231,2828403,2801543
Lithuania,LTU,GDP (current US$),NY.GDP.MKTP.CD,..,..,..,..,..,7867140395,8382519637,10118631852,11239547691,10971583945,11524776867,12237388002,14259781159,18781721376,22627507452,26097677572,30183575104,39697891352,47797551588,37388122046,37128694028,43535051482,42927454291,46523420074,48533659592,41418872976,43018087238,47640770634,53696648755
Lithuania,LTU,GDP per capita (current US$),NY.GDP.PCAP.CD,..,..,..,..,..,2167.792582,2327.434857,2830.278071,3166.666533,3113.17906,3293.229979,3525.793632,4141.592702,5499.428989,6700.327192,7854.765279,9230.707981,12285.44705,14944.99665,11820.77616,11987.50841,14376.94786,14367.70942,15729.65247,16551.0182,14258.22933,14998.12506,16843.69965,19166.81227
Lithuania,LTU,Population density (people per sq. km of land area),EN.POP.DNST,58.99550096,59.09594767,59.03181238,58.75260051,58.34626675,57.89888322,57.46032227,57.03792278,56.62621251,56.22587747,55.83178047,55.373612,54.93087109,54.48648692,53.87803127,53.00778558,52.1682993,51.55223357,51.02881532,50.46535301,49.4181412,48.31533012,47.67165013,47.19088951,46.80553871,46.36727853,45.78766642,45.15258377,44.73164618
Luxembourg,LUX,Land area (sq. km),AG.LND.TOTL.K2,..,..,..,..,..,..,..,..,..,..,2430,2430,2430,2430,2430,2430,2430,2430,2430,2430,2430,2430,2430,2430,2430,2430,2430,2430,2430
Luxembourg,LUX,"Population, total",SP.POP.TOTL,381850,387000,392175,397475,402925,408625,414225,419450,424700,430475,436300,441525,446175,451630,458095,465158,472637,479993,488650,497783,506953,518347,530946,543360,556319,569604,582014,596336,607950
Luxembourg,LUX,GDP (current US$),NY.GDP.MKTP.CD,13229247948,14321878323,16065740276,16486900653,18325790933,21588170498,21776609772,19731912494,20209122027,22235929043,21263514833,21272418792,23616328816,29557325056,34685281848,37347394603,42414308117,50888134410,55849686539,51370543206,53212476812,60004630234,56677961787,61739352212,66103853237,57744457955,60691483443,64023412340,70885325883
Luxembourg,LUX,GDP per capita (current US$),NY.GDP.PCAP.CD,34645.14324,37007.43753,40965.74304,41479.08838,45481.89101,52831.25237,52571.93499,47042.34711,47584.46439,51654.4028,48735.99549,48179.42085,52930.64115,65445.88503,75716.35108,80289.69641,89739.7117,106018.4928,114293.8433,103198.6693,104965.3061,115761.5077,106749.0136,113625.1329,118823.6484,101376.4966,104278.391,107361.3069,116597.2956
Luxembourg,LUX,Population density (people per sq. km of land area),EN.POP.DNST,..,..,..,..,..,..,..,..,..,..,179.5473251,181.6975309,183.6111111,185.8559671,188.5164609,191.4230453,194.500823,197.5279835,201.090535,204.8489712,208.6226337,213.3115226,218.4962963,223.6049383,228.9378601,234.4049383,239.5119342,245.4057613,250.1851852
Latvia,LVA,Land area (sq. km),AG.LND.TOTL.K2,62196,62196,62196,62196,62196,62196,62196,62196,62196,62196,62196,62196,62196,62196,62196,62196,62196,62196,62196,62180,62240,62200,62180,62190,62140,62130,62120,62110,62090
Latvia,LVA,"Population, total",SP.POP.TOTL,2663151,2650581,2614338,2563290,2520742,2485056,2457222,2432851,2410019,2390482,2367550,2337170,2310173,2287955,2263122,2238799,2218357,2200325,2177322,2141669,2097555,2059709,2034319,2012647,1993782,1977527,1959537,1942248,1927174
Latvia,LVA,GDP (current US$),NY.GDP.MKTP.CD,..,..,..,..,..,5785775813,5969114344,6521609001,7159169546,7525408359,7949253766,8351415939,9545172806,11749456401,14401882399,16959313006,21517445448,31004884421,35756225698,26317286628,23869752327,28374734038,28324787664,30436727789,31329367173,27239653844,28052325862,30383528686,34399206590
Latvia,LVA,GDP per capita (current US$),NY.GDP.PCAP.CD,..,..,..,..,..,2328.227538,2429.212478,2680.644643,2970.586351,3148.071543,3357.586436,3573.302729,4131.800002,5135.352925,6363.723387,7575.183393,9699.721662,14091.04765,16422.11198,12288.21383,11379.79806,13776.08878,13923.47398,15122.73528,15713.53697,13774.60527,14315.79289,15643.48563,17849.5593
Latvia,LVA,Population density (people per sq. km of land area),EN.POP.DNST,42.81868609,42.61658306,42.0338607,41.21310052,40.52900508,39.95523828,39.50771754,39.11587562,38.74877806,38.43465818,38.06595279,37.57749695,37.14343366,36.78620812,36.38693807,35.9958679,35.66719725,35.37727507,35.00742813,34.44305243,33.70107648,33.1142926,32.71661306,32.36287184,32.08532346,31.82885884,31.54438184,31.27109966,31.03839588
Mexico,MEX,Land area (sq. km),AG.LND.TOTL.K2,1943950,1943950,1943950,1943950,1943950,1943950,1943950,1943950,1943950,1943950,1943950,1943950,1943950,1943950,1943950,1943950,1943950,1943950,1943950,1943950,1943950,1943950,1943950,1943950,1943950,1943950,1943950,1943950,1943950
Mexico,MEX,"Population, total",SP.POP.TOTL,83943135,85512621,87075136,88625440,90156396,91663290,93147045,94611008,96056313,97484823,98899845,100298152,101684764,103081020,104514934,106005199,107560155,109170503,110815272,112463886,114092961,115695468,117274156,118827158,120355137,121858251,123333379,124777326,126190782
Mexico,MEX,GDP (current US$),NY.GDP.MKTP.CD,2.61E+11,3.13E+11,3.63E+11,5.01E+11,5.28E+11,3.60E+11,4.11E+11,5.00E+11,5.27E+11,6.00E+11,7.08E+11,7.57E+11,7.72E+11,7.29E+11,7.82E+11,8.77E+11,9.75E+11,1.05E+12,1.11E+12,9.00E+11,1.06E+12,1.18E+12,1.20E+12,1.27E+12,1.32E+12,1.17E+12,1.08E+12,1.16E+12,1.22E+12
Mexico,MEX,GDP per capita (current US$),NY.GDP.PCAP.CD,3112.268595,3661.947965,4170.623383,5650.026286,5854.418117,3928.223711,4412.116298,5289.167653,5481.181954,6157.193044,7157.8145,7544.568723,7593.137345,7075.369643,7484.486399,8277.671564,9068.294218,9642.680517,10016.57121,8002.972178,9271.398396,10203.4213,10241.72783,10725.18359,10928.91601,9616.645558,8744.515559,9287.849587,9686.514244
Mexico,MEX,Population density (people per sq. km of land area),EN.POP.DNST,43.18173564,43.98910517,44.79288871,45.5903907,46.37793976,47.15311093,47.91637902,48.66946578,49.41295455,50.1478037,50.8757144,51.59502662,52.30832274,53.0265799,53.76420896,54.5308259,55.33072095,56.15911057,57.00520692,57.85328121,58.6913043,59.51566038,60.32776357,61.12665346,61.91267111,62.68589779,63.444728,64.1875182,64.91462332
Netherlands,NLD,Land area (sq. km),AG.LND.TOTL.K2,33760,33760,33760,33760,33760,33760,33760,33760,33760,33760,33760,33760,33760,33760,33760,33760,33760,33760,33760,33730,33730,33720,33720,33690,33690,33670,33670,33670,33670
Netherlands,NLD,"Population, total",SP.POP.TOTL,14951510,15069798,15184166,15290368,15382838,15459006,15530498,15610650,15707209,15812088,15925513,16046180,16148929,16225302,16281779,16319868,16346101,16381696,16445593,16530388,16615394,16693074,16754962,16804432,16865008,16939923,17030314,17131296,17231624
Netherlands,NLD,GDP (current US$),NY.GDP.MKTP.CD,3.18E+11,3.28E+11,3.63E+11,3.54E+11,3.79E+11,4.52E+11,4.50E+11,4.17E+11,4.38E+11,4.47E+11,4.16E+11,4.31E+11,4.72E+11,5.79E+11,6.57E+11,6.85E+11,7.33E+11,8.47E+11,9.48E+11,8.68E+11,8.47E+11,9.04E+11,8.39E+11,8.77E+11,8.91E+11,7.65E+11,7.84E+11,8.32E+11,9.14E+11
Netherlands,NLD,GDP per capita (current US$),NY.GDP.PCAP.CD,21290.86038,21732.23076,23904.03742,23122.41077,24646.31431,29258.13435,29006.80945,26700.53713,27885.80838,28263.09671,26149.41108,26873.27593,29204.03983,35672.2066,40362.39478,41979.05585,44863.35063,51733.44213,57644.47997,52514.02712,50950.03434,54159.34661,50073.00566,52184.06185,52830.17423,45175.23189,46007.85292,48554.99228,53018.62936
Netherlands,NLD,Population density (people per sq. km of land area),EN.POP.DNST,442.876481,446.3802725,449.7679502,452.9137441,455.6527844,457.9089455,460.0265995,462.4007701,465.2609301,468.3675355,471.7272808,475.3015403,478.3450533,480.6072867,482.2801836,483.4084123,484.1854562,485.2398104,487.1324941,490.0796917,492.5998814,495.0496441,496.8849941,498.7958445,500.5938854,503.1162162,505.8008316,508.8,511.7797446
Norway,NOR,Land area (sq. km),AG.LND.TOTL.K2,365244,365244,365244,365244,365244,365244,365244,365244,365244,365244,365244,365244,365244,365244,365244,365244,365244,365244,365244,365244,365244,365244,365244,365122.96,365108,365190.7,365145.73,365122.96,365107.85
Norway,NOR,"Population, total",SP.POP.TOTL,4241473,4261732,4286401,4311991,4336613,4359184,4381336,4405157,4431464,4461913,4490967,4513751,4538159,4564855,4591910,4623291,4660677,4709153,4768212,4828726,4889252,4953088,5018573,5079623,5137232,5188607,5234519,5276968,5311916
Norway,NOR,GDP (current US$),NY.GDP.MKTP.CD,1.20E+11,1.22E+11,1.31E+11,1.21E+11,1.27E+11,1.52E+11,1.64E+11,1.61E+11,1.54E+11,1.62E+11,1.71E+11,1.74E+11,1.96E+11,2.29E+11,2.65E+11,3.09E+11,3.46E+11,4.01E+11,4.62E+11,3.86E+11,4.29E+11,4.98E+11,5.10E+11,5.23E+11,4.98E+11,3.86E+11,3.69E+11,3.98E+11,4.37E+11
Norway,NOR,GDP per capita (current US$),NY.GDP.PCAP.CD,28242.94374,28596.933,30523.98506,27963.66522,29315.84191,34875.70433,37321.9742,36629.0309,34788.35985,36371.05095,38131.46061,38542.7151,43084.47247,50134.89077,57603.83602,66810.47852,74148.32008,85139.96045,96944.09561,79977.69708,87693.79007,100600.5624,101524.1419,102913.4508,97019.18275,74355.51586,70460.56053,75496.75406,82267.80932
Norway,NOR,Population density (people per sq. km of land area),EN.POP.DNST,11.61271095,11.66817799,11.73571914,11.80578189,11.87319436,11.9349914,11.99564127,12.06086068,12.13288651,12.2162527,12.29579952,12.35817974,12.4250063,12.49809716,12.57217093,12.65808884,12.76044781,12.89317005,13.05486743,13.22054846,13.38626233,13.56103865,13.74032975,13.91208868,14.07044491,14.20793848,14.33542438,14.45257784,14.54889562
New Zealand,NZL,Land area (sq. km),AG.LND.TOTL.K2,263310,263310,263310,263310,263310,263310,263310,263310,263310,263310,263310,263310,263310,263310,263310,263310,263310,263310,263310,263310,263310,263310,263310,263310,263310,263310,263310,263310,263310
New Zealand,NZL,"Population, total",SP.POP.TOTL,3329800,3495100,3531700,3572200,3620000,3673400,3732000,3781300,3815000,3835100,3857700,3880500,3948500,4027200,4087500,4133900,4184600,4223800,4259800,4302600,4350700,4384000,4408100,4442100,4516500,4609400,4714100,4813600,4900600
New Zealand,NZL,GDP (current US$),NY.GDP.MKTP.CD,45495129385,42745329732,41649829860,46775620817,55314732279,63918703507,70140835299,66075143415,56227169851,58762260626,52623281957,53872425917,66627729311,88250885550,1.04E+11,1.15E+11,1.12E+11,1.37E+11,1.33E+11,1.21E+11,1.47E+11,1.68E+11,1.76E+11,1.91E+11,2.01E+11,1.78E+11,1.89E+11,2.07E+11,2.12E+11
New Zealand,NZL,GDP per capita (current US$),NY.GDP.PCAP.CD,13663.02162,12230.07345,11793.13924,13094.34545,15280.31278,17400.42018,18794.43604,17474.18703,14738.44557,15322.22383,13641.10272,13882.85683,16874.18749,21913.70817,25420.23488,27751.06547,26654.5932,32479.98174,31252.96256,28209.36233,33676.77412,38387.62708,39973.38076,42976.64959,44572.89875,38630.72659,40080.49411,42992.89527,43306.07
New Zealand,NZL,Population density (people per sq. km of land area),EN.POP.DNST,12.64593065,13.2737078,13.41270746,13.56651855,13.74805363,13.9508564,14.17340777,14.36063955,14.48862557,14.56496145,14.65079184,14.73738179,14.99563252,15.29451977,15.5235274,15.69974555,15.89229425,16.0411682,16.17788918,16.34043523,16.52310964,16.64957654,16.74110364,16.87022901,17.15278569,17.50560176,17.90323193,18.28111352,18.61152254
Poland,POL,Land area (sq. km),AG.LND.TOTL.K2,306290,306290,306290,306290,306290,306290,306290,306290,306290,306290,306290,306290,306290,306240,306330,306330,306320,306320,306300,306280,306280,306230,306220,306210,306190,306190,306190,306190,306170
Poland,POL,"Population, total",SP.POP.TOTL,38110782,38246193,38363667,38461408,38542652,38594998,38624370,38649660,38663481,38660271,38258629,38248076,38230364,38204570,38182222,38165445,38141267,38120560,38125759,38151603,38042794,38063255,38063164,38040196,38011735,37986412,37970087,37974826,37974750
Poland,POL,GDP (current US$),NY.GDP.MKTP.CD,65977749037,85500935935,94337050693,96045645026,1.11E+11,1.42E+11,1.60E+11,1.59E+11,1.75E+11,1.70E+11,1.72E+11,1.91E+11,1.99E+11,2.18E+11,2.55E+11,3.06E+11,3.45E+11,4.29E+11,5.34E+11,4.40E+11,4.80E+11,5.28E+11,4.99E+11,5.21E+11,5.42E+11,4.78E+11,4.73E+11,5.27E+11,5.87E+11
Poland,POL,GDP per capita (current US$),NY.GDP.PCAP.CD,1731.209531,2235.541089,2459.020685,2497.195241,2874.825311,3686.8193,4147.465501,4123.135618,4518.108226,4398.081043,4501.454067,4991.244358,5207.171421,5701.602212,6681.386472,8021.505743,9035.410467,11254.51739,13996.02515,11526.05589,12613.011,13879.56099,13097.27085,13696.4663,14271.30585,12578.49547,12447.43959,13864.68176,15468.40941
Poland,POL,Population density (people per sq. km of land area),EN.POP.DNST,124.4271181,124.8692187,125.2527572,125.5718698,125.8371217,126.0080251,126.1039211,126.1864899,126.2316138,126.2211336,124.9098208,124.8753665,124.8175389,124.7536899,124.6440832,124.5893154,124.5144522,124.446853,124.4719523,124.5644606,124.2092007,124.2962969,124.3000588,124.2291107,124.1442732,124.0615696,124.008253,124.0237304,124.0315838
Portugal,PRT,Land area (sq. km),AG.LND.TOTL.K2,91500,91500,91500,91500,91500,91500,91500,91500,91500,91500,91500,91500,91500,91500,91500,91470,91470,91470,91470,91590,91590,91590,91590,91605.2,91605.6,91605.6,91605.6,91605.6,91605.6
Portugal,PRT,"Population, total",SP.POP.TOTL,9983218,9960235,9952494,9964675,9991525,10026176,10063945,10108977,10160196,10217828,10289898,10362722,10419631,10458821,10483861,10503330,10522288,10542964,10558177,10568247,10573100,10557560,10514844,10457295,10401062,10358076,10325452,10300300,10283822
Portugal,PRT,GDP (current US$),NY.GDP.MKTP.CD,78713860217,89233599278,1.08E+11,95009751901,99688641304,1.18E+11,1.23E+11,1.17E+11,1.24E+11,1.27E+11,1.18E+11,1.21E+11,1.34E+11,1.65E+11,1.89E+11,1.97E+11,2.09E+11,2.40E+11,2.62E+11,2.44E+11,2.38E+11,2.45E+11,2.16E+11,2.26E+11,2.30E+11,1.99E+11,2.06E+11,2.21E+11,2.42E+11
Portugal,PRT,GDP per capita (current US$),NY.GDP.PCAP.CD,7884.617988,8958.985333,10810.56651,9534.656364,9977.319909,11781.36185,12185.0914,11575.50711,12199.20639,12471.07936,11497.75346,11724.6115,12875.32079,15762.97579,18031.00042,18773.12536,19822.84603,22782.09462,24847.54514,23059.79745,22498.69086,23186.91313,20564.88986,21647.04181,22074.30076,19242.36647,19978.40121,21437.3475,23551.04829
Portugal,PRT,Population density (people per sq. km of land area),EN.POP.DNST,109.1062077,108.8550273,108.7704262,108.9035519,109.1969945,109.575694,109.9884699,110.480623,111.0403934,111.6702514,112.4579016,113.2537923,113.8757486,114.3040546,114.5777158,114.8281404,115.0353996,115.2614409,115.4277577,115.3864723,115.4394585,115.2697893,114.8034065,114.1561287,113.5417704,113.0725196,112.7163842,112.4418158,112.261936
Russian Federation,RUS,Land area (sq. km),AG.LND.TOTL.K2,16389950,16389950,16389950,16386180,16381330,16378380,16377960,16378650,16381300,16388510,16381340,16380440,16380940,16380980,16381230,16381390,16377740,16377740,16376870,16376870,16376870,16376870,16376870,16376870,16376870,16376870,16376870,16376870,16376870
Russian Federation,RUS,"Population, total",SP.POP.TOTL,147969407,148394216,148538197,148458777,148407912,148375787,148160129,147915361,147670784,147214776,146596869,145976482,145306497,144648618,144067316,143518814,143049637,142805114,142742366,142785349,142849468,142960908,143201721,143506995,143819667,144096870,144342397,144496739,144477859
Russian Federation,RUS,GDP (current US$),NY.GDP.MKTP.CD,5.17E+11,5.18E+11,4.60E+11,4.35E+11,3.95E+11,3.96E+11,3.92E+11,4.05E+11,2.71E+11,1.96E+11,2.60E+11,3.07E+11,3.45E+11,4.30E+11,5.91E+11,7.64E+11,9.90E+11,1.30E+12,1.66E+12,1.22E+12,1.52E+12,2.05E+12,2.21E+12,2.29E+12,2.06E+12,1.36E+12,1.28E+12,1.57E+12,1.66E+12
Russian Federation,RUS,GDP per capita (current US$),NY.GDP.PCAP.CD,3492.710314,3490.452505,3098.802639,2930.670201,2662.104034,2665.779867,2643.929196,2737.572024,1834.861843,1330.757236,1771.594059,2100.352512,2377.529577,2975.125353,4102.364833,5323.463083,6920.189125,9101.255049,11635.27293,8562.813277,10674.99578,14311.08432,15420.87454,15974.64463,14095.64874,9313.013625,8704.898413,10720.33266,11287.35528
Russian Federation,RUS,Population density (people per sq. km of land area),EN.POP.DNST,9.028057255,9.053976126,9.062760838,9.059999158,9.059576481,9.059246824,9.046311567,9.030986131,9.014594934,8.982804172,8.949015709,8.911633753,8.870461463,8.830278652,8.794658032,8.761088894,8.734394184,8.71946398,8.716095689,8.718720305,8.722635522,8.729440241,8.744144699,8.762785258,8.78187755,8.798804045,8.813796348,8.823220738,8.822067892
Slovak Republic,SVK,Land area (sq. km),AG.LND.TOTL.K2,48100,48100,48100,48100,48100,48100,48100,48100,48100,48100,48100,48100,48100,48110,48100,48100,48100,48100,48100,48090,48091,48088,48088,48088,48080,48082,48080,48080,48080
Slovak Republic,SVK,"Population, total",SP.POP.TOTL,5299187,5303294,5305016,5325305,5346331,5361999,5373361,5383291,5390516,5396020,5388720,5378867,5376912,5373374,5372280,5372807,5373054,5374622,5379233,5386406,5391428,5398384,5407579,5413393,5418649,5423801,5430798,5439232,5446771
Slovak Republic,SVK,GDP (current US$),NY.GDP.MKTP.CD,12747380650,14272201755,15495514297,16520676974,20162936291,25840146405,27925036755,27706028096,29856000671,30453383763,29169953013,30752150336,35130340674,46816589165,57332015148,62785305310,70708098106,86454081577,1.00E+11,89046289247,90310718349,99122802874,94534730681,98848641555,1.01E+11,88467555244,89655253976,95209466459,1.05E+11
Slovak Republic,SVK,GDP per capita (current US$),NY.GDP.PCAP.CD,2405.53516,2691.195652,2920.917542,3102.296859,3771.359516,4819.125555,5196.94038,5146.671078,5538.616465,5643.675109,5413.150621,5717.21709,6533.553213,8712.698793,10671.82186,11685.75482,13159.75944,16085.61152,18677.29271,16531.67051,16750.79744,18361.56948,17481.89544,18260.01577,18674.34406,16310.98841,16508.67036,17504.21134,19364.6201
Slovak Republic,SVK,Population density (people per sq. km of land area),EN.POP.DNST,110.1702079,110.2555925,110.2913929,110.7132017,111.1503326,111.4760707,111.7122869,111.9187318,112.0689397,112.183368,112.0316008,111.8267568,111.7861123,111.6893369,111.6898129,111.7007692,111.7059044,111.7385031,111.8343659,112.006779,112.1088769,112.2605224,112.4517343,112.5726377,112.7006864,112.8031488,112.9533694,113.1287854,113.2855865
Slovenia,SVN,Land area (sq. km),AG.LND.TOTL.K2,20140,20140,20140,20140,20140,20140,20140,20140,20140,20140,20140,20140,20140,20140,20140,20140,20140,20140,20146.2,20145.8,20146.2,20146,20145.7,20140,20140,20142.6,20142,20138.1,20136.4
Slovenia,SVN,"Population, total",SP.POP.TOTL,1998161,1999429,1996498,1991746,1989443,1989872,1988628,1985956,1981629,1983045,1988925,1992060,1994530,1995733,1997012,2000474,2006868,2018122,2021316,2039669,2048583,2052843,2057159,2059953,2061980,2063531,2065042,2066388,2073894
Slovenia,SVN,GDP (current US$),NY.GDP.MKTP.CD,..,..,..,..,..,21352224019,21507232649,20763101741,22146231968,22711384311,20289627637,20876309970,23489890274,29634713641,34414784504,36206395971,39481045038,48006372844,55552509155,50368056405,48161250405,51516366655,46580457470,48401896808,49930685013,43090173395,44736333522,48466592282,54135187444
Slovenia,SVN,GDP per capita (current US$),NY.GDP.PCAP.CD,..,..,..,..,..,10730.45101,10815.11105,10454.96564,11175.77103,11452.78312,10201.30354,10479.75963,11777.15566,14849.03724,17233.13856,18098.90854,19672.96556,23787.64656,27483.33717,24694.23049,23509.54314,25095.13229,22643.10025,23496.6025,24214.92207,20881.76693,21663.64341,23454.73952,26103.16026
Slovenia,SVN,Population density (people per sq. km of land area),EN.POP.DNST,99.21355511,99.2765144,99.13098312,98.89503476,98.7806852,98.8019861,98.74021847,98.60754717,98.39270109,98.46300894,98.75496524,98.91062562,99.03326713,99.09299901,99.15650447,99.32840119,99.64587885,100.2046673,100.3323704,101.2453712,101.6858266,101.8982925,102.1140492,102.2816783,102.3823237,102.4461092,102.5241783,102.6108719,102.9922926
Sweden,SWE,Land area (sq. km),AG.LND.TOTL.K2,410340,410340,410340,410340,410340,410340,410340,410340,410340,410340,410340,410340,410340,410340,410340,410340,410340,410340,410340,410340,410340,410340,407340,407340,407310,407310,407310,407310,407310
Sweden,SWE,"Population, total",SP.POP.TOTL,8558835,8617375,8668067,8718561,8780745,8826939,8840998,8846062,8850974,8857874,8872109,8895960,8924958,8958229,8993531,9029572,9080505,9148092,9219637,9298515,9378126,9449213,9519374,9600379,9696110,9799186,9923085,10057698,10175214
Sweden,SWE,GDP (current US$),NY.GDP.MKTP.CD,2.62E+11,2.74E+11,2.84E+11,2.13E+11,2.29E+11,2.67E+11,2.92E+11,2.68E+11,2.71E+11,2.74E+11,2.63E+11,2.42E+11,2.67E+11,3.34E+11,3.85E+11,3.92E+11,4.23E+11,4.91E+11,5.18E+11,4.37E+11,4.96E+11,5.74E+11,5.52E+11,5.87E+11,5.82E+11,5.05E+11,5.16E+11,5.41E+11,5.55E+11
Sweden,SWE,GDP per capita (current US$),NY.GDP.PCAP.CD,30593.67244,31822.80385,32800.98269,24425.28493,26083.61439,30282.96392,32998.96816,30312.4876,30596.5272,30941.07936,29624.91267,27247.85773,29899.19525,37321.7979,42821.67314,43437.06312,46593.60216,53700.00534,56152.55234,46946.96027,52869.04429,60755.75955,58037.82132,61126.9432,60020.36046,51545.48361,51965.15715,53791.50873,54589.06039
Sweden,SWE,Population density (people per sq. km of land area),EN.POP.DNST,20.85791051,21.0005727,21.12410928,21.24716333,21.39870595,21.51128089,21.54554272,21.55788371,21.56985427,21.58666959,21.62136034,21.6794853,21.75015353,21.83123507,21.91726617,22.00509821,22.12922211,22.29393186,22.46828727,22.66051323,22.85452552,23.02776478,23.36960279,23.56846615,23.80523434,24.05829958,24.36248803,24.69298078,24.98149812
Turkey,TUR,Land area (sq. km),AG.LND.TOTL.K2,769630,769630,769630,769630,769630,769630,769630,769630,769630,769630,769630,769630,769630,769630,769630,769630,769630,769630,769630,769630,769630,769630,769630,769630,769630,769630,769630,769630,769630
Turkey,TUR,"Population, total",SP.POP.TOTL,53921758,54840595,55748946,56653808,57564209,58486453,59423278,60372571,61329665,62287391,63240196,64192243,65145357,66089402,67010930,67903461,68756809,69581854,70418612,71321406,72326992,73443254,74651046,75925454,77229262,78529413,79827868,81116451,82340090
Turkey,TUR,GDP (current US$),NY.GDP.MKTP.CD,1.51E+11,1.50E+11,1.58E+11,1.80E+11,1.31E+11,1.69E+11,1.81E+11,1.90E+11,2.76E+11,2.56E+11,2.74E+11,2.02E+11,2.40E+11,3.15E+11,4.09E+11,5.06E+11,5.57E+11,6.81E+11,7.70E+11,6.49E+11,7.77E+11,8.39E+11,8.81E+11,9.58E+11,9.39E+11,8.64E+11,8.70E+11,8.59E+11,7.78E+11
Turkey,TUR,GDP per capita (current US$),NY.GDP.PCAP.CD,2794.350494,2735.707615,2842.369978,3180.187577,2270.337325,2897.86664,3053.947231,3144.385703,4499.737508,4116.17056,4337.478003,3142.920998,3687.956093,4760.104019,6101.632117,7456.296101,8101.856924,9791.88245,10941.17215,9103.474051,10742.77498,11420.55546,11795.63346,12614.78161,12157.99043,11006.27952,10894.60338,10589.66772,9453.196172
Turkey,TUR,Population density (people per sq. km of land area),EN.POP.DNST,70.06192326,71.25579174,72.4360355,73.6117459,74.79465327,75.99294856,77.21018931,78.44363006,79.68720684,80.9316048,82.16960877,83.40662786,84.64503333,85.87165521,87.06902018,88.2287086,89.33748555,90.40948768,91.49670881,92.66973221,93.97631589,95.42670374,96.99601887,98.65188987,100.345961,102.0352806,103.7223965,105.3966854,106.986591
South Africa,ZAF,Land area (sq. km),AG.LND.TOTL.K2,1213090,1213090,1213090,1213090,1213090,1213090,1213090,1213090,1213090,1213090,1213090,1213090,1213090,1213090,1213090,1213090,1213090,1213090,1213090,1213090,1213090,1213090,1213090,1213090,1213090,1213090,1213090,1213090,1213090
South Africa,ZAF,"Population, total",SP.POP.TOTL,36800507,37718952,38672611,39633754,40564061,41435761,42241007,42987456,43682259,44338551,44967713,45571272,46150913,46719203,47291610,47880595,48489464,49119766,49779472,50477013,51216967,52003759,52832659,53687125,54544184,55386369,56207649,57009751,57792520
South Africa,ZAF,GDP (current US$),NY.GDP.MKTP.CD,1.16E+11,1.24E+11,1.35E+11,1.34E+11,1.40E+11,1.55E+11,1.48E+11,1.53E+11,1.38E+11,1.37E+11,1.36E+11,1.22E+11,1.15E+11,1.75E+11,2.29E+11,2.58E+11,2.72E+11,2.99E+11,2.87E+11,2.96E+11,3.75E+11,4.16E+11,3.96E+11,3.67E+11,3.51E+11,3.18E+11,2.96E+11,3.50E+11,3.68E+11
South Africa,ZAF,GDP per capita (current US$),NY.GDP.PCAP.CD,3139.966225,3285.972326,3479.083205,3388.772084,3445.228281,3751.838541,3494.423859,3549.550699,3154.011816,3081.561385,3032.439182,2666.475027,2502.277005,3751.282251,4833.627517,5383.657217,5602.010466,6095.62157,5760.805172,5862.797108,7328.6152,8007.476439,7501.661096,6832.725546,6433.400402,5734.633422,5272.543648,6131.47945,6372.605655
South Africa,ZAF,Population density (people per sq. km of land area),EN.POP.DNST,30.33617209,31.09328409,31.87942445,32.67173417,33.4386245,34.15720268,34.82100009,35.43632871,36.00908342,36.55009191,37.06873604,37.56627456,38.04409648,38.51256131,38.98441995,39.46994452,39.97186029,40.49144416,41.03526696,41.61027871,42.22025324,42.86883826,43.55213463,44.25650611,44.96301511,45.65726286,46.33427775,46.99548343,47.64075213
OECD members,OECD,Land area (sq. km),AG.LND.TOTL.K2,35512437,35512437,35512477,35512457,35512447,35512437,35512326,35512225,35512194,35512153,35514353,35514102,35514631,35515050,35514769,35514647,35514026,35514123,35499134.2,35500007.8,35501502.2,35501228,35496180.7,35497543.16,35498141.6,35497631.93,35507743.36,35507720.04,35511888.36
OECD members,OECD,"Population, total",SP.POP.TOTL,1107196961,1117820520,1128349539,1138362949,1147748534,1156879819,1165880992,1174865635,1183546848,1192267323,1200836415,1209787876,1218855820,1227854277,1236872189,1245821323,1255133872,1264614793,1274522708,1283634878,1292110708,1298723126,1306807834,1315224394,1324034852,1332787383,1341701902,1350048436,1358019416
OECD members,OECD,GDP (current US$),NY.GDP.MKTP.CD,1.88E+13,1.99E+13,2.14E+13,2.17E+13,2.32E+13,2.56E+13,2.58E+13,2.54E+13,2.57E+13,2.70E+13,2.75E+13,2.73E+13,2.85E+13,3.18E+13,3.55E+13,3.75E+13,3.96E+13,4.33E+13,4.59E+13,4.30E+13,4.51E+13,4.85E+13,4.85E+13,4.91E+13,5.02E+13,4.74E+13,4.83E+13,5.04E+13,5.33E+13
OECD members,OECD,GDP per capita (current US$),NY.GDP.PCAP.CD,16978.40002,17799.25547,18965.04007,19054.78106,20198.41613,22090.72799,22110.14794,21618.58372,21690.15192,22606.76745,22924.32881,22551.62632,23348.51402,25938.33261,28666.05381,30108.36105,31537.28299,34262.15587,36030.19299,33496.13155,34916.01774,37356.38008,37106.30082,37369.45394,37908.85972,35551.96708,35990.2034,37328.35773,39268.56338
OECD members,OECD,Population density (people per sq. km of land area),EN.POP.DNST,31.17772405,31.47687443,31.77332685,32.05531369,32.31961273,32.57675104,32.83031903,33.08341381,33.32789993,33.57350153,33.81270708,34.06499976,34.31982216,34.57278751,34.82698111,35.07908506,35.34192018,35.60878564,35.90292374,36.15872101,36.39594462,36.58248458,36.81544911,37.05113867,37.29870896,37.5458111,37.78617775,38.02126508,38.24126169
Indonesia,IDN,"Population, total",SP.POP.TOTL,181413398,184591897,187739786,190851184,193917458,196934257,199901231,202826444,205724597,208615171,211513822,214427419,217357790,220309473,223285666,226289468,229318262,232374239,235469755,238620554,241834226,245115988,248451714,251805314,255128076,258383257,261556386,264650969,267670549
Indonesia,IDN,GDP (current US$),NY.GDP.MKTP.CD,1.06141E+11,1.16622E+11,1.28027E+11,1.58007E+11,1.76892E+11,2.02132E+11,2.2737E+11,2.15749E+11,95445547873,1.40001E+11,1.65021E+11,1.60447E+11,1.95661E+11,2.34772E+11,2.56837E+11,2.85869E+11,3.64571E+11,4.32217E+11,5.10229E+11,5.3958E+11,7.55094E+11,8.92969E+11,9.1787E+11,9.12524E+11,8.90815E+11,8.60854E+11,9.31877E+11,1.01562E+12,1.04227E+12
Indonesia,IDN,GDP per capita (current US$),NY.GDP.PCAP.CD,585.0765629,631.7828578,681.9383856,827.9052662,912.2032939,1026.393436,1137.410101,1063.712376,463.9481582,671.0986097,780.1902047,748.2576087,900.1775881,1065.64852,1150.261367,1263.287332,1589.801489,1860.002811,2166.854231,2261.247309,3122.362673,3643.047176,3694.35934,3623.927241,3491.637491,3331.695115,3562.816334,3837.578024,3893.859578
Indonesia,IDN,Land area (sq. km),AG.LND.TOTL.K2,1811570,1811570,1811570,1811570,1811570,1811570,1811570,1811570,1811570,1811570,1811570,1811570,1811570,1811570,1811570,1811570,1811570,1811570,1811570,1811570,1811570,1811570,1811570,1811570,1811570,1811570,1877519,1877519,1877519
India,IND,"Population, total",SP.POP.TOTL,873277799,891273202,909307018,927403866,945601828,963922586,982365248,1000900028,1019483586,1038058154,1056575548,1075000094,1093317187,1111523146,1129623466,1147609924,1165486291,1183209471,1200669762,1217726217,1234281163,1250287939,1265780243,1280842119,1295600768,1310152392,1324517250,1338676779,1352642283
India,IND,GDP (current US$),NY.GDP.MKTP.CD,3.20979E+11,2.70105E+11,2.88208E+11,2.79296E+11,3.27276E+11,3.60282E+11,3.92897E+11,4.15868E+11,4.21351E+11,4.5882E+11,4.68395E+11,4.85441E+11,5.14938E+11,6.07699E+11,7.09149E+11,8.20382E+11,9.4026E+11,1.21674E+12,1.1989E+12,1.34189E+12,1.67562E+12,1.82305E+12,1.82764E+12,1.85672E+12,2.03913E+12,2.10359E+12,2.2948E+12,2.65147E+12,2.70111E+12
India,IND,GDP per capita (current US$),NY.GDP.PCAP.CD,367.5566089,303.0556077,316.9539272,301.1590023,346.1029514,373.7664808,399.9500747,415.4937978,413.2989322,441.9987604,443.3141938,451.5729973,470.9867868,546.7266135,627.7742417,714.8610154,806.7532806,1028.334772,998.5223415,1101.960838,1357.563727,1458.104066,1443.882435,1449.610451,1573.885642,1605.605445,1732.554242,1980.66702,1996.915087
India,IND,Land area (sq. km),AG.LND.TOTL.K2,2973190,2973190,2973190,2973190,2973190,2973190,2973190,2973190,2973190,2973190,2973190,2973190,2973190,2973190,2973190,2973190,2973190,2973190,2973190,2973190,2973190,2973190,2973190,2973190,2973190,2973190,2973190,2973190,2973190
